id,author,commit_year,commits_count
172,Tim Graham,2017,373
232,Sergey Fedoseev,2017,158
2172,Mariusz Felisiak,2017,113
1917,Claude Paroz,2017,102
101,Mads Jensen,2017,55
354,Simon Charette,2017,40
1935,Jon Dufresne,2017,33
176,Anton Samarchyan,2017,27
284,François Freitag,2017,17
65,Srinivas Reddy Thatiparthy,2017,14
352,Tom,2017,13
1460,Adam Johnson,2017,13
1545,Nick Pope,2017,12
337,Florian Apolloner,2017,11
2068,Josh Schneier,2017,10
1814,Chris Lamb,2017,8
212,Vytis Banaitis,2017,8
299,Дилян Палаузов,2017,7
1130,chillaranand,2017,7
1898,Paulo,2017,7
2234,Ed Morley,2017,6
1573,Johannes Hoppe,2017,5
1197,Markus Holtermann,2017,5
1763,Paolo Melchiorre,2017,5
2114,Collin Anderson,2017,5
1731,Daniel Wiesmann,2017,4
2041,Berker Peksag,2017,4
581,Ingo Klöcker,2017,4
70,Botond Beres,2017,4
861,Josh Smeaton,2017,4
308,Adonys Alea Boffill,2017,3
345,shanghui,2017,3
1799,kapil garg,2017,3
913,Raphael Michel,2017,3
270,orf,2017,3
126,David Sanders,2017,3
988,Adam Chainz,2017,3
985,Nicolas Delaby,2017,3
1333,Jonas Haag,2017,3
982,Simon Meers,2017,3
1338,Matthew Schinckel,2017,3
574,Samir Shah,2017,3
2147,Aymeric Augustin,2017,3
1688,Flávio Juvenal,2017,3
2171,David Szotten,2017,3
761,Anssi Kääriäinen,2017,3
194,Ran Benita,2017,3
616,Chandrakant Kumar,2017,2
2271,Chillar Anand,2017,2
1890,Timothy Allen,2017,2
1492,Michiel Beijen,2017,2
1882,Alexander Allakhverdiyev,2017,2
1402,Daniel Tao,2017,2
847,Lucas Connors,2017,2
605,Evan Grim,2017,2
575,ClairePhila,2017,2
2015,Ling-Xiao Yang,2017,2
1459,Pavel Kulikov,2017,2
980,Asif Saifuddin Auvi,2017,2
690,Carlton Gibson,2017,2
2067,Jeremy Satterfield,2017,2
1441,Arne de Laat,2017,2
55,Stefan Schneider,2017,2
2106,Danilo Bargen,2017,2
2001,jkrzy,2017,2
2269,caleb logan,2017,2
295,Jozef,2017,2
642,Daniel F Moisset,2017,2
1329,Alasdair Nicol,2017,2
1358,monotonee,2017,2
1167,Tim Baxter,2017,2
1946,Christoph Schindler,2017,2
1740,Tomer Chachamu,2017,2
1102,Jonatas CD,2017,2
2080,Boris Burkov,2017,2
1247,Marten Kenbeek,2017,2
962,elky,2017,2
1738,Bo Marchman,2017,2
1577,Windson yang,2017,2
159,kalombo,2017,2
2032,Bruno Alla,2017,2
557,Manatsawin Hanmongkolchai,2017,2
495,Yusuke Miyazaki,2017,2
1871,Ville Skyttä,2017,2
1539,Peter Inglesby,2017,2
1084,Arkadiusz Adamski,2017,2
241,Rajesh Veeranki,2017,2
1878,Rachel Tobin,2017,2
1626,Charlie Denton,2017,2
430,albertoconnor,2017,1
2235,Alex,2017,1
727,Stefan Sinca,2017,1
2194,Sævar Öfjörð Magnússon,2017,1
1467,Yan Mitrofanov,2017,1
2231,Raphael Merx,2017,1
447,Stefan Wehrmeyer,2017,1
1767,Sami J. Lehtinen,2017,1
854,tk,2017,1
452,Krzysztof Nazarewski,2017,1
714,Derrick Jackson,2017,1
456,Eneko Illarramendi,2017,1
711,Sebastian Sassi,2017,1
458,Frédéric Massart,2017,1
1070,Paul Tiplady,2017,1
1485,Aleksej Manaev,2017,1
1762,Ryan O’Hara,2017,1
709,Nick,2017,1
2229,Jinank Jain,2017,1
708,Grzegorz Tężycki,2017,1
1223,Dmitry Dygalo,2017,1
1736,Tim Schneider,2017,1
477,michaldabski,2017,1
705,Laura,2017,1
1733,Levi Payne,2017,1
2166,jannh,2017,1
1728,R3turnz,2017,1
848,Bae KwonHan,2017,1
1490,Hyunwoo Park,2017,1
2125,Jirka Schäfer,2017,1
1726,Adit Biswas,2017,1
698,Thomas Schorr,2017,1
1724,Jkrzy,2017,1
697,Lex Berezhny,2017,1
1497,Michael,2017,1
501,Pavel Karateev,2017,1
693,Joe Arthur,2017,1
1322,amalia,2017,1
912,Michał Pasternak,2017,1
1174,Daniel Hahler,2017,1
2313,bc500,2017,1
1692,Roman Selivanov,2017,1
683,Mike Hansen,2017,1
2113,Martin von Gagern,2017,1
842,Pavlo Kapyshin,2017,1
1503,Subhrajyoti Sen,2017,1
166,Duarte Fernandes,2017,1
674,Imran Iqbal,2017,1
1673,Kevin Grinberg,2017,1
531,Joseph Lin,2017,1
1511,Kim DoHyeon,2017,1
1664,Stefano Rivera,2017,1
2211,Jaap Roes,2017,1
539,René Fleschenberg,2017,1
171,kakulukia,2017,1
1525,petedmarsh,2017,1
78,Wil Tan,2017,1
664,John D'Ambrosio,2017,1
835,Nauman Tariq,2017,1
548,Anupam,2017,1
1530,Adi Mukherjee,2017,1
552,Dima Kudosh,2017,1
1540,Romain Garrigues,2017,1
82,Garry Polley,2017,1
560,Miguel,2017,1
1549,Abhishek Gautam,2017,1
2103,Ryan Castner,2017,1
16,Nick Mavrakis,2017,1
85,Tim Heap,2017,1
570,Bjorn Kristinsson,2017,1
571,Collin Stedman,2017,1
2216,Yuri Kaszubowski Lopes,2017,1
2215,Mike Vasiliou,2017,1
1,UmanShahzad,2017,1
582,Dražen Odobašić,2017,1
1615,Riccardo Magliocchetti,2017,1
1211,medmunds,2017,1
591,Alejandro Zamora,2017,1
1604,Lincoln Smith,2017,1
186,Benjamin Bach,2017,1
94,Windsooon,2017,1
596,Alexkane,2017,1
140,jpic,2017,1
631,Tom Forbes,2017,1
607,LBerrocal,2017,1
608,Dmitry,2017,1
2094,aruseni,2017,1
611,Thomas Khyn,2017,1
1584,Lachlan Musicman,2017,1
613,Camilo Nova,2017,1
1583,Christopher Schäpers,2017,1
617,Hunter Richards,2017,1
827,Edward D'Souza,2017,1
2300,Mathieu Hinderyckx,2017,1
1171,Andy Craze,2017,1
1170,Eric Theise,2017,1
2288,Vasiliy Bolshakov,2017,1
897,Niall Dalton,2017,1
2087,Irindu Indeera,2017,1
1291,Jon Ribbens,2017,1
207,Yuichi Fujikawa,2017,1
210,Linus Lewandowski,2017,1
1360,Andrei Fokau,2017,1
215,shinriyo,2017,1
822,Thom Wiggers,2017,1
2287,James Beith,2017,1
1363,Paul,2017,1
820,Andrii Soldatenko,2017,1
229,reficul31,2017,1
1144,InvalidInterrupt,2017,1
2060,andrewnester,2017,1
2056,Mikkel Munch Mortensen,2017,1
2051,Alexey Rogachev,2017,1
1138,Markus Amalthea Magnuson,2017,1
244,João Silva,2017,1
805,Bryan Helmig,2017,1
247,Tobias McNulty,2017,1
804,Raffaele Salmaso,2017,1
144,Dmitry Gladkov,2017,1
119,Sławek Ehlert,2017,1
801,Pavel Rybintsev,2017,1
255,chex,2017,1
1248,hui shang,2017,1
1296,Sudhanshu Mishra,2017,1
991,Robert Rollins,2017,1
875,partizan,2017,1
2009,Igor Tokarev,2017,1
2008,Chronial,2017,1
272,Shai Berger,2017,1
996,Melvyn Sopacua,2017,1
1399,Raúl Pedro Fernandes Santos,2017,1
278,Joon Hwan 김준환,2017,1
127,Dylan Verheul,2017,1
1207,Michael Käufl,2017,1
1964,Romulo Furtado,2017,1
1961,Maciej Jaworski,2017,1
1960,Ondrej Kolimar,2017,1
790,Nerl~,2017,1
1123,james mike dupont,2017,1
1118,heathervm,2017,1
1940,Alexander Kavanaugh,2017,1
1274,Georg Sauthoff,2017,1
307,Matthew Wilkes,2017,1
1009,Adam Alton,2017,1
1112,LeeHanYeong,2017,1
312,Mikhail Golubev,2017,1
941,David D Lowe,2017,1
785,Ian Foote,2017,1
1413,Ryan Verner,2017,1
942,Hasan Ramezani,2017,1
1433,Dmitry Shachnev,2017,1
771,seanfagan,2017,1
769,Nick Zaccardi,2017,1
333,Zoltan Gyarmati,2017,1
1242,jmk,2017,1
338,Mikhail Nacharov,2017,1
871,Maxime Lorant,2017,1
1911,Paulo Alvarado,2017,1
1905,Atul Varma,2017,1
343,Jeremy Kerr,2017,1
1442,Adrien Brunet,2017,1
348,k,2017,1
356,Ionuț Ciocîrlan,2017,1
1888,"Allen, Timothy",2017,1
133,Alexey Opalev,2017,1
755,Matthias Kestenholz,2017,1
1887,Harry Moreno,2017,1
1885,Brad Melin,2017,1
753,Taavi Teska,2017,1
1861,M Somerville,2017,1
373,Luoxzhg,2017,1
1844,ZachLiuGIS,2017,1
750,Luke Plant,2017,1
383,Chris Sinchok,2017,1
384,Tom Carrick,2017,1
2184,Huang Zhiqiang,2017,1
1241,vinay karanam,2017,1
742,Tamas Szabo,2017,1
1830,Tushar Malik,2017,1
1828,Dima Veselov,2017,1
1301,Carles Pina Estany,2017,1
1283,André Cruz,2017,1
400,Richard Barrell,2017,1
1254,Scot Hacker,2017,1
1029,Andrew Nester,2017,1
1801,Igor Gumenyuk,2017,1
408,Andrew Pinkham,2017,1
859,Sam Morrow,2017,1
921,Fabian Schindler,2017,1
412,Blake Griffith,2017,1
734,marton bognar,2017,1
1789,Adam Bogdał,2017,1
2240,Emmanuel,2017,1
1787,lb1c,2017,1
423,Phil Bazun,2017,1
730,Kapil Garg,2017,1
2189,Simon Willison,2017,1
280,Tim Graham,2016,541
2022,Claude Paroz,2016,121
381,Simon Charette,2016,79
2052,Jon Dufresne,2016,61
894,Adam Chainz,2016,42
258,Sergey Fedoseev,2016,42
174,Akshesh,2016,31
1915,Berker Peksag,2016,27
2069,Mariusz Felisiak,2016,22
1313,Markus Holtermann,2016,20
2258,Ed Morley,2016,17
401,Chris Jerdonek,2016,17
181,François Freitag,2016,14
1424,Alasdair Nicol,2016,13
1149,Andrew Nester,2016,11
2097,Aymeric Augustin,2016,11
1648,Daniel Wiesmann,2016,11
509,Alex Hill,2016,11
620,Michal Petrucha,2016,10
1756,Alexander Gaevsky,2016,10
10,David Sanders,2016,10
1051,eltronix,2016,10
15,Kevin Christopher Henry,2016,9
2146,Ramiro Morales,2016,9
1354,Loïc Bistuer,2016,8
618,Jarek Glowacki,2016,8
439,Yoong Kang Lim,2016,8
53,Mads Jensen,2016,8
1955,Carl Meyer,2016,7
448,Florian Apolloner,2016,7
218,Tobias McNulty,2016,7
1773,Ville Skyttä,2016,7
933,Baptiste Mispelon,2016,6
240,Vytis Banaitis,2016,6
923,Przemysław Suliga,2016,6
282,Anton Samarchyan,2016,6
851,Anssi Kääriäinen,2016,5
228,Shai Berger,2016,5
137,Krzysztof Urbaniak,2016,5
372,akki,2016,5
1372,Marti Raudsepp,2016,5
1775,Paulo,2016,5
2164,Collin Anderson,2016,4
809,Attila Tovt,2016,4
1024,Nicolas Noé,2016,4
828,Ian Foote,2016,4
1008,Raphael Michel,2016,4
1298,Preston Timmons,2016,4
1042,Adam Zapletal,2016,4
1845,Hasan,2016,4
1883,Anderson Resende,2016,4
1076,Jonatas CD,2016,4
1834,Henry Dang,2016,4
2311,Iacopo Spalletti,2016,3
145,Michael Scott,2016,3
382,Sjoerd Job Postmus,2016,3
1984,krishbharadwaj,2016,3
1924,inondle,2016,3
6,Kai Feldhoff,2016,3
1509,Nick Pope,2016,3
858,Curtis Maloney,2016,3
2209,Carl Worth,2016,3
1135,Vincenzo Pandolfo,2016,3
11,Rinat Khabibiev,2016,3
797,Ketan Bhatt,2016,3
1276,Marten Kenbeek,2016,3
1785,Timothy Allen,2016,3
1253,Dmitry Dygalo,2016,3
1446,Matthew Schinckel,2016,3
588,userimack,2016,3
2176,Johannes Dollinger,2016,3
1044,Mattias Loverot,2016,3
1285,Daniel Hahler,2016,3
1857,Chris Lamb,2016,3
751,Josh Smeaton,2016,3
1387,Sergei Maertens,2016,3
44,jpic,2016,3
686,Olexander Yermakov,2016,3
1624,Vasiliy Faronov,2016,3
1428,Daniel Musketa,2016,3
2144,aruseni,2016,3
1996,Moritz Sichert,2016,3
1790,Denis Cornehl,2016,2
1001,Jani Tiainen,2016,2
1021,Noenglish Professorbut,2016,2
2277,Dmitry Medvinsky,2016,2
123,Ben Demboski,2016,2
1954,Illia Volochii,2016,2
1499,Peter Inglesby,2016,2
1947,Krzysztof Jurewicz,2016,2
511,Hugo Osvaldo Barrera,2016,2
1710,Andreas Pelme,2016,2
1448,Philip James,2016,2
1477,Mounir Messelmeni,2016,2
1836,Adam Bogdał,2016,2
1715,Krzysztof Gogolewski,2016,2
604,rixx,2016,2
606,Andrew Kuchev,2016,2
917,elky,2016,2
1587,Jeff Willette,2016,2
1722,Michael Schwarz,2016,2
773,ieatkittens,2016,2
627,Corey Farwell,2016,2
1103,Keda87,2016,2
1289,Kevan Swanberg,2016,2
1077,Daniel Jilg,2016,2
598,Ana Balica,2016,2
1568,Joachim Jablon,2016,2
494,Joshua Pereyda,2016,2
1040,Kenneth,2016,2
929,B. J. Potter,2016,2
2093,Zbigniew Siciarz,2016,2
187,Alexey Kotlyarov,2016,2
1605,levental,2016,2
1088,Brandon Chinn,2016,2
702,wim glenn,2016,2
882,Joshua Phillips,2016,2
2293,Bas Westerbaan,2016,2
977,David D Lowe,2016,2
1489,Charlie Denton,2016,2
932,Tom Scrace,2016,2
741,Camilo Nova,2016,2
1039,Markus Amalthea Magnuson,2016,2
97,Md. Sadaf Noor,2016,2
2101,Duane Hilton,2016,2
1458,Riccardo Magliocchetti,2016,2
1737,Erik Romijn,2016,2
650,Jiang Haiyun,2016,2
1899,David Evans,2016,2
653,Lex Berezhny,2016,2
558,Daniel Rice,2016,2
469,Ramin Farajpour Cami,2016,2
2227,an0o0nym,2016,2
1025,Leila20,2016,2
2018,Jensen Cochran,2016,2
424,Alexander Schrijver,2016,2
796,Zach Borboa,2016,2
2013,Morgan Aubert,2016,2
938,pp,2016,2
362,Holly Becker,2016,2
168,Pyie Zone,2016,2
1234,Victor Oliveira da Silva,2016,2
721,Nik Nyby,2016,2
527,Tom Christie,2016,2
1251,bmsleight,2016,1
1250,Chad Shryock,2016,1
911,Adam Alton,2016,1
1238,Andrey Fedoseev,2016,1
916,Alex Simonides,2016,1
918,rynomster,2016,1
1227,Arnaud Limbourg,2016,1
922,Anatoly Burov,2016,1
925,shaunagm,2016,1
1215,Tobias Kroenke,2016,1
1212,Aleksey,2016,1
934,Étienne BERSAC,2016,1
1208,Tommy Beadle,2016,1
1204,Rivo Laks,2016,1
2165,John-Scott Atlakson,2016,1
945,Asif Saifuddin Auvi,2016,1
1191,Ben Kraft,2016,1
1183,nmhung89,2016,1
1180,Jan Pieter Waagmeester,2016,1
953,Jason Parrott,2016,1
954,John Karahalis,2016,1
2298,Priy,2016,1
2157,Philip Liberato,2016,1
1175,Halil Kaya,2016,1
2154,amureki,2016,1
1172,Marc Tamlyn,2016,1
970,Karen Tracey,2016,1
971,Scott Sexton,2016,1
1169,Brett Haydon,2016,1
978,Collederas,2016,1
979,Waldemar Kornewald,2016,1
987,Olivier Tabone,2016,1
1132,dani poni,2016,1
997,Aaron Elliot Ross,2016,1
1131,Tsering,2016,1
1127,akoskaaa,2016,1
1122,James Aylett,2016,1
1114,Eduard Stepanov,2016,1
1108,Kosei Kitahara,2016,1
1107,PremAnand Lakshmanan,2016,1
1104,bellisk,2016,1
147,Christophe Pettus,2016,1
1016,Evan Palmer,2016,1
1019,InvalidInterrupt,2016,1
1101,Sergey Kolosov,2016,1
1022,Cristiano,2016,1
2139,Opa-,2016,1
1027,Petter Reinholdtsen,2016,1
1096,marysia,2016,1
1093,Christian Bundy,2016,1
1078,Ben Wilkins,2016,1
22,Will Hardy,2016,1
1061,mark-summerfield,2016,1
1055,Jop Reyntjes,2016,1
1053,Saúl Ibarra Corretgé,2016,1
2133,Danilo Bargen,2016,1
2126,Thejaswi Puthraya,2016,1
157,Marcin Markiewicz,2016,1
2119,Yohann Gabory,2016,1
163,Phil Tysoe,2016,1
2108,Merike Sell,2016,1
184,Myk Willis,2016,1
185,Adonys Alea Boffill,2016,1
2098,John-Mark Bell,2016,1
192,Mingun Pak,2016,1
195,darius BERNARD,2016,1
196,Adam Dobrawy,2016,1
198,Matthew Wilkes,2016,1
2092,bgaechter,2016,1
2084,Jeremy Lainé,2016,1
204,Vesteinn Snaebjarnarson,2016,1
205,Frank Wiles,2016,1
2079,Dunedan,2016,1
2076,vytisb,2016,1
2075,Trey Hunner,2016,1
2073,Adam Wróbel,2016,1
221,Ben Welsh,2016,1
2,Emin Mastizada,2016,1
231,Zach Wernberg,2016,1
33,Ian Lee,2016,1
34,za,2016,1
2047,Barthelemy Dagenais,2016,1
2028,Manish Rastogi,2016,1
2026,Saulius Žemaitaitis,2016,1
2020,Lewis Cowles,2016,1
259,premanand lakshmanan,2016,1
260,Stanislav Karpov,2016,1
261,Filipa Andrade,2016,1
2016,Pankrat,2016,1
265,Joseph Kahn,2016,1
2010,Ryan P Kilby,2016,1
2006,Alix Martineau,2016,1
1998,zhuanyenan,2016,1
1997,Matt Robenolt,2016,1
1995,Julien Hartmann,2016,1
2280,Alex Scott,2016,1
285,Shivang Bharadwaj,2016,1
1975,Becka R,2016,1
1969,MariKiev,2016,1
38,acemaster,2016,1
1953,anna,2016,1
39,Vinay Karanam,2016,1
302,Ola Sendecka,2016,1
303,rowanv,2016,1
2274,alix-,2016,1
2273,Naved Khan,2016,1
310,Sven Engström,2016,1
1936,Reto Aebersold,2016,1
313,Elif T. Kus,2016,1
1933,Jim Nicholls,2016,1
9,Lh4cKg,2016,1
1927,Stephen Kelly,2016,1
328,Blake Griffith,2016,1
47,Daniel Hillier,2016,1
339,Harry,2016,1
1909,Brightcells,2016,1
353,Chris Sinchok,2016,1
358,Tom Carrick,2016,1
1862,Bouke Haarsma,2016,1
50,Vincent Zhang,2016,1
1835,Kenneth Veldman,2016,1
393,George Marshall,2016,1
396,James Robert,2016,1
397,Conrad Kramer,2016,1
398,Marcin Nowak,2016,1
1809,Dan Watson,2016,1
1805,David Hoffman,2016,1
2249,Sebastian Spiegel,2016,1
1797,ZachLiuGIS,2016,1
410,Varun Sharma,2016,1
1793,Federico Capoano,2016,1
413,Javier Rojas,2016,1
1792,"Buddy Lindsey, Jr",2016,1
421,Grégory Starck,2016,1
426,Ramon Moraes,2016,1
2310,Jaap Roes,2016,1
2238,Tim Shaffer,2016,1
435,Doug Harris,2016,1
1780,Harry Moreno,2016,1
443,Amine Yaiche,2016,1
1777,Juan José Conti,2016,1
445,Edwar Baron,2016,1
1766,Brad Melin,2016,1
455,Samir Shah,2016,1
1764,João Sampaio,2016,1
1753,Dan Stephenson,2016,1
470,Mark Striemer,2016,1
2226,Matthias K,2016,1
1745,Tim Martin,2016,1
479,zshimanchik,2016,1
1729,Pamela McA'Nulty,2016,1
487,Lucas Lois,2016,1
71,quaspas,2016,1
1727,Markus Gerards,2016,1
492,Nicola Jordan,2016,1
1713,Greg Chapple,2016,1
510,Mahendra Yadav,2016,1
1704,Josef Rousek,2016,1
1699,Mehdi Pourfar,2016,1
1694,Andrew Abraham,2016,1
74,boaz85@gmail.com,2016,1
519,Matt C,2016,1
2222,Daniel Quinn,2016,1
1679,Mark Young,2016,1
76,Liz Lemon,2016,1
525,Thomas Güttler,2016,1
1672,Chesco Igual,2016,1
535,Robert Roskam,2016,1
1663,Mathieu Pillard,2016,1
1656,Thomas Grainger,2016,1
1654,roboslone,2016,1
77,Tore Lundqvist,2016,1
2217,Hiroki Kiyohara,2016,1
80,Perry Roper,2016,1
1652,Antoine Fontaine,2016,1
549,Preetham Nosum,2016,1
1635,jrabbit,2016,1
1629,Raphael Gaschignard,2016,1
572,kappataumu,2016,1
1623,Julian Andrews,2016,1
1622,Aleksej Manaev,2016,1
583,Krzysztof Żuraw,2016,1
1614,Chad Whitman,2016,1
1611,Kenneth Schnall,2016,1
1606,Gavin Wahl,2016,1
88,Maxim Novikov,2016,1
594,David Barragán Merino,2016,1
17,Paul J Stevens,2016,1
1597,Zapelini,2016,1
2214,Amine,2016,1
1592,Bob McDonald,2016,1
619,Alberto Avila,2016,1
621,Tomas Pazderka,2016,1
1576,Luke Murphy,2016,1
1572,shiblystory,2016,1
1570,Oliver Sauder,2016,1
1566,Ryan Nowakowski,2016,1
1565,petedmarsh,2016,1
636,jasisz,2016,1
637,knbk,2016,1
1560,F. Malina,2016,1
641,Ed Henderson,2016,1
643,Taranjeet,2016,1
95,Johannes Linke,2016,1
19,Michael Lelyakin,2016,1
1555,Mathieu Richardoz,2016,1
1554,Shabda Raaj,2016,1
649,patjouk,2016,1
651,Andrey Kuzminov,2016,1
1551,Michiel Beijen,2016,1
1538,Pavel Sutyrin,2016,1
1533,Arthur Vuillard,2016,1
1531,Johannes Hoppe,2016,1
1524,Austin Simmons,2016,1
1520,harikrishnakanchi,2016,1
1517,Aleksi Häkli,2016,1
1516,Mike Fiedler,2016,1
675,Vitaly Bogomolov,2016,1
1507,Merrin Macleod,2016,1
679,Tobias Kunze,2016,1
1501,Romain Garrigues,2016,1
684,Anton I. Sipos,2016,1
1498,Bang Dao + Tam Huynh,2016,1
692,Vaclav Ehrlich,2016,1
1494,Quentin Fulsher,2016,1
700,Adam Chidlow,2016,1
706,Lukasz Wiecek,2016,1
2206,Denis Afonso,2016,1
104,Rustam Kashapov,2016,1
1469,Laurent,2016,1
1463,Ahmed Mohamed,2016,1
2195,Jackie Leng,2016,1
728,Will Koster,2016,1
732,Jibodeah,2016,1
737,Francisco Capdevila,2016,1
739,Liam Brenner,2016,1
2183,Brobin,2016,1
2182,Matthew Somerville,2016,1
1454,Nick Malakhov,2016,1
748,Abhishek Bera,2016,1
749,Marko Benko,2016,1
2181,Diego Martín,2016,1
757,Marcos Vives Del Sol,2016,1
2178,mieciu,2016,1
1444,Ivan,2016,1
768,chemary,2016,1
770,Dmitry S..ky / skype: dvska-at-skype,2016,1
775,Mitchel Humpherys,2016,1
777,Miikka Salminen,2016,1
779,Maxime Lorant,2016,1
1417,Offby-One Kenobi,2016,1
781,KimberleyLawrence,2016,1
783,Christian von Roques,2016,1
1404,Ivan Tsouvarev,2016,1
788,Marc-Aurèle Brothier,2016,1
1401,Piers Storey,2016,1
1395,Tim Osborn,2016,1
2175,Mikkel Munch Mortensen,2016,1
1393,Raphaël Hertzog,2016,1
799,Jacob Rief,2016,1
1392,Jeroen van Veen,2016,1
1383,Jerome Leclanche,2016,1
1382,Katie McLaughlin,2016,1
811,Taylor Edmiston,2016,1
813,seungkwon,2016,1
1373,Jakub Wilk,2016,1
815,Adam Malinowski,2016,1
120,Scott Pashley,2016,1
2299,Alvin Lindstam,2016,1
2173,Anton Bazhanov,2016,1
1347,jordij,2016,1
1332,Christopher Grebs,2016,1
1328,Jezeniel Zapanta,2016,1
1326,Nadège Michel,2016,1
1324,Helen Sherwood-Taylor,2016,1
841,auvipy,2016,1
1319,Sean Marlow,2016,1
845,Susan Tan,2016,1
846,ntuckovic,2016,1
1316,chenesan,2016,1
853,girish ramnani,2016,1
1314,anabelensc,2016,1
1311,Sergey Fursov,2016,1
860,Baylee Feore,2016,1
863,Luke Plant,2016,1
865,Idan Gazit,2016,1
866,Emad Mokhtar,2016,1
1304,PREMANAND,2016,1
1302,James Bennett,2016,1
1299,Nick Smith,2016,1
1292,Ankur Gupta,2016,1
1269,Paweł Marczewski,2016,1
1266,Scott Vitale,2016,1
1265,medmunds,2016,1
1264,Suriyaa Kudo,2016,1
1263,Sergey Yurchenko,2016,1
2168,andrewnester,2016,1
903,Ryan Allen,2016,1
1645,Tim Graham,2015,743
1035,Claude Paroz,2015,193
685,Aymeric Augustin,2015,113
334,Markus Holtermann,2015,68
1226,Simon Charette,2015,65
1690,Sergey Fedoseev,2015,60
320,Preston Timmons,2015,35
374,Marten Kenbeek,2015,28
2297,Josh Smeaton,2015,26
2207,Anssi Kääriäinen,2015,24
264,Andriy Sokolovskiy,2015,22
460,Alasdair Nicol,2015,19
550,Loic Bistuer,2015,18
657,Collin Anderson,2015,16
1048,Jon Dufresne,2015,16
422,Marc Tamlyn,2015,14
1869,Adam Chainz,2015,12
1073,Moritz Sichert,2015,12
1720,Shai Berger,2015,12
286,Daniel Wiesmann,2015,12
623,Matthew Somerville,2015,11
1929,I am Clinton,2015,10
2148,Bas Peschier,2015,10
1406,Alex Hill,2015,10
1837,elky,2015,9
131,Riccardo Magliocchetti,2015,9
1031,Andrei Kulakov,2015,9
1831,Baptiste Mispelon,2015,9
990,Ville Skyttä,2015,9
2196,Curtis Maloney,2015,8
1100,Carl Meyer,2015,8
1447,Caio Ariede,2015,8
1786,Raphael Michel,2015,7
2225,Ian Foote,2015,7
1072,Matt Robenolt,2015,7
2055,Nik Nyby,2015,7
1678,Flavio Curella,2015,7
1607,David Sanders,2015,6
1199,Florian Apolloner,2015,6
1637,Ian Lee,2015,6
1527,Alex Morozov,2015,6
2308,Maxime Lorant,2015,5
2030,Markus Amalthea Magnuson,2015,5
1600,Rik,2015,5
2270,Attila Tovt,2015,5
326,Piotr Jakimiak,2015,5
251,Keryn Knight,2015,5
2201,Luke Plant,2015,4
323,Daniel Hahler,2015,4
507,Michael Angeletti,2015,4
1426,Bryan Marty,2015,4
2025,Justin Bronn,2015,4
1185,Varun Sharma,2015,4
541,Tomáš Ehrlich,2015,4
766,Jaap Roes,2015,4
2078,Loek van Gent,2015,4
718,Mariusz Felisiak,2015,4
227,Alex Gaynor,2015,4
1618,Neal Todd,2015,4
226,bphillips,2015,3
222,Gagaro,2015,3
1819,David Gibbons,2015,3
564,Sylvain Fankhauser,2015,3
351,Dmitry Dygalo,2015,3
1357,Tom Christie,2015,3
2169,Michael Manfre,2015,3
936,Chris Lamb,2015,3
69,Sambhav Satija,2015,3
992,Michał Modzelewski,2015,3
1903,Ryan Allen,2015,3
387,Michael Blatherwick,2015,3
2034,Adam Zapletal,2015,3
2021,Abhaya Agarwal,2015,3
1765,Jani Tiainen,2015,3
1192,Yoong Kang Lim,2015,3
2104,Aron Podrigal,2015,3
454,Christopher Luc,2015,3
2204,Dheerendra Rathor,2015,3
349,Paweł Marczewski,2015,3
765,Iacopo Spalletti,2015,3
740,Trey Hunner,2015,3
733,Alexander Sosnovskiy,2015,3
1210,Matt Deacalion Stevens,2015,3
2292,Antoine Catton,2015,3
2233,Benjamin Wohlwend,2015,3
8,Gavin Wahl,2015,3
559,Curtis,2015,3
2124,Y3K,2015,3
164,Erik Romijn,2015,3
551,Jacek Bzdak,2015,3
2109,Daniel Pyrathon,2015,3
526,Marti Raudsepp,2015,2
2077,David Seddon,2015,2
879,Wim Feijen,2015,2
517,arniu,2015,2
208,Andreas Pelme,2015,2
1150,Berker Peksag,2015,2
506,Anton Strogonoff,2015,2
1714,Ben Spaulding,2015,2
102,Steadman,2015,2
189,Alexander Gaevsky,2015,2
111,Johannes Hoppe,2015,2
1716,Rolo,2015,2
1495,Nick Sandford,2015,2
1120,Fabrizio Ettore Messina,2015,2
1817,Jay Cox,2015,2
496,Nick Johnson,2015,2
1124,Daniel Roseman,2015,2
490,Raphaël Hertzog,2015,2
485,Sergei Maertens,2015,2
1735,Ola Sitarska,2015,2
1487,Karl Hobley,2015,2
2102,wdmgsm,2015,2
1751,Matthew Wilkes,2015,2
463,Jonas Haag,2015,2
414,darkryder,2015,2
64,Tyson Clugg,2015,2
1781,Anton Baklanov,2015,2
437,Tommy Beadle,2015,2
175,Vlastimil Zíma,2015,2
1461,薛丞宏,2015,2
2314,Floris den Hengst,2015,2
1439,Dražen Odobašić,2015,2
850,Emre Yilmaz,2015,2
1482,Andrey Kuzmin,2015,2
1925,Amos Onn,2015,2
1071,Luis Del Giudice,2015,2
1179,Matt Westcott,2015,2
1930,sujayskumar,2015,2
1196,Andrew Artajos,2015,2
315,Eric Rouleau,2015,2
314,Piper Merriam,2015,2
23,Peter Schmidt,2015,2
759,Unai Zalakain,2015,2
789,Raphael Merx,2015,2
1959,Sergey Kolosov,2015,2
154,Sean Wang,2015,2
436,Ion Scerbatiuc,2015,2
1095,Adam Brenecki,2015,2
1310,Jan Pazdziora,2015,2
883,Steven Das,2015,2
49,Valentina Mukhamedzhanova,2015,2
376,Richard Eames,2015,2
1581,mlavin,2015,2
602,Josh Schneier,2015,2
864,minusf,2015,2
93,Nick Pope,2015,2
89,Peter Inglesby,2015,2
1602,Emin Mastizada,2015,2
1390,Yamila Moreno,2015,2
1562,Rigel Di Scala,2015,2
1556,Bibhas,2015,2
139,sarthakmeh,2015,2
1287,Andrew Pinkham,2015,2
1259,Matthew Madurski,2015,2
1376,Qile Wang,2015,2
910,Niels Van Och,2015,2
1375,Yusuke Miyazaki,2015,2
1452,Aric Coady,2015,2
1300,Joshua Kehn,2015,2
83,Edward Henderson,2015,2
2140,garwoodpr,2015,2
1371,Thomas Güttler,2015,2
662,Matt Seymour,2015,2
385,Andrew Godwin,2015,2
1653,Ng Zhi An,2015,2
1661,Pedro Maltez,2015,2
1367,Kai Richard Koenig,2015,2
1519,Adam Taylor,2015,2
224,John Moses,2015,2
1667,Konrad Świat,2015,2
529,Don Kirkby,2015,2
2071,Patryk Zawadzki,2015,2
1674,Chris Cogdon,2015,2
579,Bulgantamir Gankhuyag,2015,1
7,David Danier,2015,1
12,steve,2015,1
24,Sam Thursfield,2015,1
26,girishkumarkh,2015,1
27,Dave Hodder,2015,1
32,Fabio C. Barrionuevo da Luz,2015,1
35,Alexander Rudakov,2015,1
42,jorgecarleitao,2015,1
46,Alex Vidal,2015,1
51,Charles Dee Rice,2015,1
57,Kamran Mackey,2015,1
58,James Pulec,2015,1
72,pscottdevos,2015,1
81,areski,2015,1
84,Paulo Poiati,2015,1
90,Kholid Fuadi,2015,1
92,Grégoire ROCHER,2015,1
96,Adam Wester,2015,1
121,ramez,2015,1
134,Olivier Le Thanh Duong,2015,1
150,Mounir Messelmeni,2015,1
152,Dwight Gunning,2015,1
160,Joost Rijneveld,2015,1
167,Jorge Barata González,2015,1
173,Alexey Sveshnikov,2015,1
182,Mathias André,2015,1
183,Adrian Andreias,2015,1
193,Luis Visintini,2015,1
197,Ed Bartosh,2015,1
219,Krzysztof Gogolewski,2015,1
230,Fabio Natali,2015,1
233,Greg Chapple,2015,1
235,Ana Vojnovic,2015,1
276,Agnieszka Lasyk,2015,1
283,Maarten,2015,1
291,Ned Batchelder,2015,1
293,Eliezer Kanal,2015,1
301,TMFGravyHands,2015,1
306,Samuel Paccoud,2015,1
309,Thomas Grainger,2015,1
318,Raul Cumplido,2015,1
321,Nick Smith,2015,1
322,James Bennett,2015,1
329,JensDiemer,2015,1
332,David Bannon,2015,1
335,anabelensc,2015,1
346,medmunds,2015,1
359,Laura Feier,2015,1
377,Alex Becker,2015,1
380,Yitzhak Clark,2015,1
388,Thomas Chaumeny,2015,1
403,daphshez,2015,1
405,William Schwartz,2015,1
417,Marc,2015,1
419,Bo Lopker,2015,1
425,acrefoot,2015,1
427,Kevin Marsh,2015,1
428,Rivo Laks,2015,1
432,Tomek Paczkowski,2015,1
433,Chris Bainbridge,2015,1
434,Villiers Strauss,2015,1
440,Razvan Andrei Ionescu,2015,1
442,Ben Kraft,2015,1
453,Remco Kranenburg,2015,1
466,Matthew Schinckel,2015,1
467,foresmac,2015,1
471,Ulrich Petri,2015,1
478,Andrei Fokau,2015,1
484,aroche,2015,1
488,Alain IVARS,2015,1
491,Russell Keith-Magee,2015,1
502,Sutrisno Efendi,2015,1
516,Francisco Albarran,2015,1
521,lobziik,2015,1
524,Jakub Wilk,2015,1
542,Patrik Lundin,2015,1
543,Stephen Paulger,2015,1
544,japrogramer,2015,1
546,wingston sharon,2015,1
555,David Krisch,2015,1
556,Maximiliano,2015,1
561,seanwestfall,2015,1
568,Henry Jordan,2015,1
569,ldrumm,2015,1
573,SaeX,2015,1
577,Anoop Thomas Mathew,2015,1
593,Matt Johnson,2015,1
597,andy matthews,2015,1
599,elena,2015,1
603,Jeremy Satterfield,2015,1
624,Reza Mohammadi,2015,1
629,ana-balica,2015,1
633,Ross Brunton,2015,1
644,Aksel Ethem,2015,1
645,Joe Borg,2015,1
646,Alex Wilson,2015,1
667,Chris McCollister,2015,1
677,Serafeim Papastefanos,2015,1
687,Sander Smits,2015,1
688,Kaleb Elwert,2015,1
691,Alex Shaindlin,2015,1
707,Bertrand Bordage,2015,1
713,Jannis Leidel,2015,1
715,Nicholas Chammas,2015,1
716,David Szotten,2015,1
719,David D. Riddle,2015,1
725,peterfarrell,2015,1
726,TomV,2015,1
729,George Brocklehurst,2015,1
736,Akis Kesoglou,2015,1
743,Stephane Angel (Twidi),2015,1
744,Bas Westerbaan,2015,1
745,Sævar Öfjörð Magnússon,2015,1
756,Laurent Peuch,2015,1
760,haxoza,2015,1
782,Sławomir Ehlert,2015,1
795,Derek J. Curtis,2015,1
802,Dmitry Medvinsky,2015,1
818,j0hnsmith,2015,1
829,Mikey Ariel,2015,1
830,Anton Danilchenko,2015,1
838,Travis Jensen,2015,1
852,James Beith,2015,1
873,Garrison Benson,2015,1
886,Anderson Resende,2015,1
891,Steve Hiemstra,2015,1
895,Lukas Hetzenecker,2015,1
899,Samuel Colvin,2015,1
905,Mark Henwood,2015,1
931,Milan Broum,2015,1
943,Ali Vakilzade,2015,1
947,Hasan,2015,1
956,Zan Anderle,2015,1
957,Federico Frenguelli,2015,1
958,Tomo Otsuka,2015,1
959,Dan Watson,2015,1
963,Edin Sarajlic,2015,1
965,Denis Cornehl,2015,1
966,"Buddy Lindsey, Jr",2015,1
967,Federico Capoano,2015,1
976,Marco Fucci,2015,1
983,Rolf Jagerman,2015,1
986,gunchleoc,2015,1
993,msaelices,2015,1
994,latyas(懒),2015,1
1015,Rick Hutcheson,2015,1
1017,Oliver A Bristow,2015,1
1023,Noam,2015,1
1037,Pradeek,2015,1
1064,Luis San Pablo,2015,1
1065,Grzegorz Slusarek,2015,1
1082,Matt Hooks,2015,1
1089,Joeri Bekker,2015,1
1092,Paul Rentschler,2015,1
1099,Lukas Klein,2015,1
1105,Johannes Ammon,2015,1
1115,Iulia Chiriac,2015,1
1139,Bruno Alla,2015,1
1161,Yair Chuchem,2015,1
1166,Tomasz Anielak,2015,1
1168,John Vandenberg,2015,1
1173,zauddelig,2015,1
1177,Dotan Agmon,2015,1
1190,Carson Gee,2015,1
1205,Malcolm Box,2015,1
1217,Damien,2015,1
1221,saschalalala,2015,1
1228,Joseph Gordon,2015,1
1232,Marios Zindilis,2015,1
1233,Antonio Garcia-Dominguez,2015,1
1243,bee_keeper,2015,1
1244,George Marshall,2015,1
1256,Calvin Jeong,2015,1
1268,Eric Carrillo,2015,1
1293,Josh Soref,2015,1
1303,László Károlyi,2015,1
1305,rroskam,2015,1
1308,Harry,2015,1
1321,Tim Allen,2015,1
1323,Simeon J Morgan,2015,1
1341,Artis Avotins,2015,1
1342,Mitchell Kotler,2015,1
1348,Mark Lavin,2015,1
1350,ifedapo olarewaju,2015,1
1352,Luca Ferroni,2015,1
1359,Cesar Canassa,2015,1
1365,Tomasz Kontusz,2015,1
1369,Stewart Park,2015,1
1378,HerHde,2015,1
1405,René Fleschenberg,2015,1
1409,Craig Oldford,2015,1
1410,Marissa Zhou,2015,1
1411,Hugo Osvaldo Barrera,2015,1
1416,Thomas Tanner,2015,1
1418,Nick Sweeting,2015,1
1421,José Padilla,2015,1
1429,Samir Shah,2015,1
1443,Daniel Lindsley,2015,1
1450,Brendan Hayward,2015,1
1451,Jose Carlos Menezes,2015,1
1475,Marco Santamaria,2015,1
1488,Doug Beck,2015,1
1493,Andre Cruz,2015,1
1502,Psilo Cybin,2015,1
1515,Jean-Louis Fuchs,2015,1
1521,Matt,2015,1
1529,Simon Litchfield,2015,1
1532,Tim Heap,2015,1
1541,Renato Oliveira,2015,1
1543,Aleksandra Tarkowska,2015,1
1553,Mads Jensen,2015,1
1594,Jean-Michel Vourgère,2015,1
1608,João Luiz Lorencetti,2015,1
1616,Yosuke Yasuda,2015,1
1617,Ryan Hall,2015,1
1620,Florian Demmer,2015,1
1628,jpic,2015,1
1636,za,2015,1
1639,Jacob Kaplan-Moss,2015,1
1646,Thomas Orozco,2015,1
1647,Jonas Degrave,2015,1
1649,José Tomás Tocino,2015,1
1655,Jon Walsh,2015,1
1657,Benjamin Bach,2015,1
1677,Gen1us2k,2015,1
1695,Matthew Crowson,2015,1
1700,Jakub Gocławski,2015,1
1705,Frank Wiles,2015,1
1708,Roberto Rosario,2015,1
1717,Elena Oat,2015,1
1725,Akshesh,2015,1
1743,david,2015,1
1748,Anton,2015,1
1752,Razzi Abuissa,2015,1
1754,Rob Hudson,2015,1
1760,Aaron Elliot Ross,2015,1
1761,Andrew Plummer,2015,1
1771,Jay Wineinger,2015,1
1772,Yang Liu,2015,1
1783,Mounir,2015,1
1795,Pakal,2015,1
1803,Carolina,2015,1
1810,GhostThrone,2015,1
1812,Mikhail Denisenko,2015,1
1818,mick,2015,1
1821,Karen Tracey,2015,1
1823,Bipin Suresh,2015,1
1824,lukasz.wojcik,2015,1
1842,Przemysław Suliga,2015,1
1850,Thijs van Dien,2015,1
1852,andredelorme,2015,1
1855,Mattia Larentis,2015,1
1858,Kenneth Love,2015,1
1864,Sztrovacsek,2015,1
1866,Nicolas Delaby,2015,1
1874,fabrizio ettore messina,2015,1
1876,John Giannelos,2015,1
1877,Abdulrahman Alotaibi,2015,1
1880,argaen,2015,1
1881,Raúl Cumplido,2015,1
1900,Hynek Cernoch,2015,1
1906,Jakub Paczkowski,2015,1
1912,Alfred Perlstein,2015,1
1916,Vincenzo Pandolfo,2015,1
1920,Ryan Hiebert,2015,1
1921,Chris Schur,2015,1
1922,Donggi Jung,2015,1
1928,я котик пур-пур,2015,1
1941,Markus Bertheau,2015,1
1967,Sven Grunewaldt,2015,1
1970,Daniel Harding,2015,1
1981,Cole Maclean,2015,1
1983,Tzu-ping Chung,2015,1
1987,varunnaganathan,2015,1
2004,Preston Holmes,2015,1
2029,Andrea Grandi,2015,1
2036,risicle,2015,1
2037,Nicolas Noé,2015,1
2042,R3v1L,2015,1
2046,Pindi Albert,2015,1
2048,Andy McKay,2015,1
2063,Stanislas Guerra,2015,1
2070,matiasb,2015,1
2072,Alexandre Pocquet,2015,1
2074,Dave Smith,2015,1
2081,Kenneth Kam,2015,1
2086,Thomas Stephenson,2015,1
2089,Nick Williams,2015,1
2091,Brian King,2015,1
2107,Justine Alexandra Roberts Tunney,2015,1
2115,Muthiah Annamalai,2015,1
2121,Michael Tänzer,2015,1
2123,Edvinas Jurevicius,2015,1
2127,Luke,2015,1
2130,johannes.linke,2015,1
2135,Afriza N. Arief,2015,1
2145,knbk,2015,1
2158,Joe Simpson,2015,1
2185,Corey Farwell,2015,1
2187,Andrew Kuchev,2015,1
2213,lampslave,2015,1
2218,Idan Gazit,2015,1
2219,Brent O'Connor,2015,1
2237,Fernando Miranda,2015,1
2239,Jason Hoos,2015,1
2262,Karol Duleba,2015,1
2264,Brian Gianforcaro,2015,1
2278,Dan Fellin,2015,1
2282,Sagar Mittal,2015,1
2285,Szilveszter Farkas,2015,1
2286,Marcus Pennington,2015,1
2305,Rafał Selewońko,2015,1
2312,David Robles,2015,1
2318,Kostochko Dmitriy,2015,1
449,Tim Graham,2014,613
2191,Claude Paroz,2014,284
1974,Aymeric Augustin,2014,232
1683,Andrew Godwin,2014,163
1506,Loic Bistuer,2014,68
798,Baptiste Mispelon,2014,48
273,Simon Charette,2014,47
1262,Alex Gaynor,2014,47
1666,Marc Tamlyn,2014,43
281,Florian Apolloner,2014,43
1014,Anssi Kääriäinen,2014,41
1730,Markus Holtermann,2014,37
357,Shai Berger,2014,36
2082,Berker Peksag,2014,34
2120,Carl Meyer,2014,33
1691,Thomas Chaumeny,2014,31
100,Anubhav Joshi,2014,29
1985,Collin Anderson,2014,25
1436,Moayad Mardini,2014,23
1578,Russell Keith-Magee,2014,23
972,wrwrwr,2014,21
1309,Erik Romijn,2014,20
1999,Ramiro Morales,2014,19
1398,areski,2014,15
1273,Greg Chapple,2014,10
1240,Diego Guimarães,2014,10
1802,Jorge C. Leitão,2014,10
1744,Preston Timmons,2014,9
1047,Michael Manfre,2014,9
2170,Jon Dufresne,2014,9
908,Josh Smeaton,2014,8
498,Chris Beaven,2014,8
63,Duncan Parkes,2014,8
340,Ola Sitarska,2014,7
2263,Víðir Valberg Guðmundsson,2014,7
1665,Rodolfo Carvalho,2014,7
1004,Luke Plant,2014,7
1632,Alasdair Nicol,2014,6
1252,Maxime Turcotte,2014,6
1213,Andriy Sokolovskiy,2014,6
2066,Huu Nguyen,2014,6
1550,Ben Davis,2014,5
609,Markus Amalthea Magnuson,2014,5
99,Éric Araujo,2014,5
1126,Daniel Pyrathon,2014,5
927,Tomasz Wysocki,2014,5
826,Martin Matusiak,2014,5
391,Sergey Fedoseev,2014,5
1977,Zbigniew Siciarz,2014,5
1873,Jaap Roes,2014,5
1759,Daniel Hahler,2014,5
402,Flavio Curella,2014,4
2244,David Hoffman,2014,4
1591,MattBlack85,2014,4
2012,Danilo Bargen,2014,4
870,Iain Dawson,2014,4
1741,James Bennett,2014,4
540,Nick Sandford,2014,4
1932,Jannis Leidel,2014,4
889,Sébastien Fievet,2014,4
955,Raffaele Salmaso,2014,4
2150,Matt Robenolt,2014,4
2246,Zan Anderle,2014,4
489,mlavin,2014,3
1385,Vishal Lal,2014,3
1603,Gabe Jackson,2014,3
893,Alex de Landgraaf,2014,3
31,Stephen Burrows,2014,3
1407,Shabda Raaj,2014,3
1476,Curtis,2014,3
2038,Matthew Somerville,2014,3
784,Brad Walker,2014,3
256,Adrian Holovaty,2014,3
1435,Gavin Wahl,2014,3
2199,Gabriel Muñumel,2014,3
262,Guillaume Pannatier,2014,3
973,Ian Foote,2014,3
135,Niclas Olofsson,2014,3
1966,Chris Wilson,2014,3
325,Martin Blech,2014,3
1907,Akis Kesoglou,2014,3
855,Vincent-Vega,2014,3
2255,Andrew Gorcester,2014,3
1018,Corey Farwell,2014,3
1074,Bas Peschier,2014,3
438,Jacob Kaplan-Moss,2014,3
2137,twidi,2014,3
831,Dejan Noveski,2014,3
493,Petras Zdanavičius,2014,3
62,Thomas Tanner,2014,3
1187,Thomas Grainger,2014,3
1159,Stanislas Guerra,2014,2
862,Anton Baklanov,2014,2
857,Niclas Åhdén,2014,2
1982,John-Scott Atlakson,2014,2
1990,Christopher Medrela,2014,2
2190,Yin Jifeng,2014,2
1278,Arne Brodowski,2014,2
2256,Michael Hall,2014,2
2003,aruseni,2014,2
2083,Szczepan Cieślik,2014,2
844,Tom V,2014,2
1847,Paul McMillan,2014,2
969,Mariano Rezk,2014,2
394,Davide Ceretti,2014,2
518,Grzegorz Rożniecki,2014,2
840,Tom Dyson,2014,2
1080,Martin Brochhaus,2014,2
2200,André Ericson,2014,2
1432,Andy Chosak,2014,2
1415,Grzegorz Nosek,2014,2
1686,valtron,2014,2
735,Adam Avramov,2014,2
1188,Zhaorong Ma,2014,2
2153,Grzegorz Slusarek,2014,2
411,Benjamin Bach,2014,2
418,Konrad Świat,2014,2
724,Markus Bertheau,2014,2
665,Alexander Shchapov,2014,2
534,Nathan Smith,2014,2
792,Simon Meers,2014,2
451,Marcin Sokół,2014,2
1535,Marek Wywiał,2014,2
528,Tim Heap,2014,2
659,Eric Palakovich Carr,2014,2
87,Nikolaus Schlemm,2014,2
1344,Riccardo Magliocchetti,2014,2
474,David Sanders,2014,2
481,Yigit Guler,2014,2
2294,qingfeng,2014,2
635,LarryBrid,2014,2
483,Rigel Di Scala,2014,2
1593,Matthew Schinckel,2014,2
2136,zedr,2014,2
584,julien 'pouete' Godin,2014,2
1670,Malte Beckmann,2014,2
2306,Justin Hamade,2014,2
1702,Richard Eames,2014,2
1379,Peter Inglesby,2014,2
553,Tianyi Wang,2014,2
935,Greg Brown,2014,2
1914,Ryan Kaskel,2014,2
1297,Tim Martin,2014,2
1195,Daniel Wiesmann,2014,2
1918,Trey Hunner,2014,2
327,Chris Bailey,2014,2
867,zsoldosp,2014,2
1155,Aaron France,2014,2
311,Hiroki KIYOHARA,2014,2
2111,Daniel Roseman,2014,2
294,Malcolm Box,2014,2
1218,Xavier Fernandez,2014,1
125,Caroline Simpson,2014,1
919,chomik,2014,1
1229,Helen ST,2014,1
1230,Baptiste Darthenay,2014,1
1237,Batiste Bieler,2014,1
914,Antoine Catton,2014,1
906,Thomas Schreiber,2014,1
901,Szilveszter Farkas,2014,1
1255,Fabio Natali,2014,1
1257,Wojciech Banaś,2014,1
896,Christoph Heer,2014,1
1270,oromero,2014,1
888,Kostochko Dmitriy,2014,1
887,Oliver Meinusch,2014,1
1277,Konstantin Koroviev,2014,1
1284,ticalcster,2014,1
881,Henk Vos,2014,1
877,Maxime Lorant,2014,1
874,Matthias Erll,2014,1
869,Yehonatan Daniv,2014,1
868,Veres Lajos,2014,1
2180,Mihail Milushev,2014,1
115,Kit La Touche,2014,1
856,Tom Atkins,2014,1
1317,Vlastimil Zíma,2014,1
112,Tom Christie,2014,1
1325,Sean Wang,2014,1
836,Karen Tracey,2014,1
1330,Andi Albrecht,2014,1
1331,James Jenkins,2014,1
834,Liav Koren,2014,1
1335,Young Yang,2014,1
2303,Tim Schaffer,2014,1
825,Michal Prusek,2014,1
824,Mikhail Denisenko,2014,1
1366,Jordi Yeh,2014,1
1368,Jannis,2014,1
2192,Colin Wood,2014,1
1370,Mitar,2014,1
817,Ilya Baryshev,2014,1
814,Yohan Boniface,2014,1
810,Jonathan Lindén,2014,1
808,Mike Fogel,2014,1
1384,Lukasz Balcerzak,2014,1
794,Alexander Schulze,2014,1
793,Patrick Beeson,2014,1
1400,Ryan Nowakowski,2014,1
109,Frank Tobia,2014,1
2197,Bartek Ciszkowski,2014,1
1414,Brenda J. Butler,2014,1
2198,Stas Rudakou,2014,1
1422,Chris Barna,2014,1
1425,Rudy Mutter,2014,1
1431,sdeprez,2014,1
772,P.A. SCHEMBRI,2014,1
1438,averybigant,2014,1
1440,Klaas van Schelven,2014,1
762,Julien Phalip,2014,1
752,Adam DePue,2014,1
105,Bryce Nesbitt,2014,1
1453,Nick Presta,2014,1
746,Adam Alton,2014,1
1455,INADA Naoki,2014,1
731,Patrick Michaud,2014,1
723,Sitesh Shrivastava,2014,1
1464,David Fischer,2014,1
1466,JuneHyeon Bae,2014,1
722,James Turley,2014,1
720,Patrick Robertson,2014,1
1473,Christopher Grebs,2014,1
1478,Helen Sherwood-Taylor,2014,1
1479,Roger Hu,2014,1
1484,SaeX,2014,1
710,Ilja Maas,2014,1
704,Sergey Kolosov,2014,1
1491,Peter Sagerson,2014,1
699,Piotr Pawlaczek,2014,1
696,amatellanes,2014,1
1496,Tomáš Ehrlich,2014,1
682,Justin Caratzas,2014,1
680,James Aylett,2014,1
1504,Jakub Roztocil,2014,1
678,Nadja Deininger,2014,1
1510,Marti Raudsepp,2014,1
1514,Robert Stapenhurst,2014,1
671,Ismail Badawi,2014,1
1528,Jernej Kos,2014,1
1534,Aliaksandr Semianiuk,2014,1
658,djendrju,2014,1
656,Daniel Neuhäuser,2014,1
2316,Jochem Oosterveen,2014,1
1542,Brandon Taylor,2014,1
1547,Vajrasky Kok,2014,1
1548,Marco Buttu,2014,1
1552,Vlad Starostin,2014,1
640,Abraham Martin,2014,1
1557,Michael Angeletti,2014,1
1559,velis74,2014,1
634,Preston Holmes,2014,1
1567,Brian Scoles,2014,1
630,Will Earp,2014,1
628,arachnegl,2014,1
1575,Damien Baty,2014,1
1579,Raphaël Hertzog,2014,1
615,Anders Steinlein,2014,1
1582,Jacob R. Rothenbuhler,2014,1
1585,Jay,2014,1
1595,Klemens Mantzos,2014,1
592,R3v1L,2014,1
587,John Paulett,2014,1
1610,jerry dumblauskas,2014,1
2307,Mark Sandstrom,2014,1
1619,Athena,2014,1
1621,maurycyp,2014,1
578,Stratos Moros,2014,1
567,Doug Beck,2014,1
565,Marc Egli,2014,1
1634,Emmanuelle Delescolle,2014,1
1642,Kevin Marsh,2014,1
1644,Kamil Braun,2014,1
554,vvojvoda,2014,1
536,Anton Novosyolov,2014,1
66,africa itcase,2014,1
1685,Tillmann Karras,2014,1
1689,Browniebroke,2014,1
515,Thomas Sorrel,2014,1
1693,Michael Blatherwick,2014,1
1696,Alexandr Shurigin,2014,1
1703,Andrew Torpedov,2014,1
512,Julen Ruiz Aizpuru,2014,1
1707,Jacob Haslehurst,2014,1
505,Andreas Madsack,2014,1
1723,David Cramer,2014,1
476,Rik,2014,1
1747,Raul Cumplido,2014,1
1750,Jeremy Dunck,2014,1
1757,Ray Ashman,2014,1
1758,vagrant,2014,1
457,Ian Lee,2014,1
1770,smallcode,2014,1
1774,nmundar,2014,1
1776,gyx1000,2014,1
1779,Andrzej Pragacz,2014,1
1791,Yazhong Liu,2014,1
404,Vladimir Rutsky,2014,1
1807,Ana Krivokapic,2014,1
2247,Federico Frenguelli,2014,1
1811,Halit Alptekin,2014,1
2248,Michal Čihař,2014,1
1815,Artur Frysiak,2014,1
395,Tushar Bhatia,2014,1
1825,Jeroen Dekkers,2014,1
392,Andrey Maslov,2014,1
1832,Richard Olsson,2014,1
379,a1tus,2014,1
1840,Craig de Stigter,2014,1
2253,Denis Cornehl,2014,1
1843,Aleksander Budzinski,2014,1
375,Ralph Broenink,2014,1
1849,Joseph Dougherty,2014,1
2254,Dori,2014,1
1853,Moritz,2014,1
1856,Kevin Ndung'u,2014,1
1863,JustinTArthur,2014,1
2259,Frankie Robertson,2014,1
1867,slollo,2014,1
367,jibreel,2014,1
1872,Iacopo Spalletti,2014,1
2260,jnothman,2014,1
1884,Quentin Pradet,2014,1
361,Artem Rizhov,2014,1
1891,Rikki,2014,1
1892,Gert Van Gool,2014,1
1901,Unai Zalakain,2014,1
1904,Redouane Zait,2014,1
1913,David Arcos,2014,1
45,David Wolever,2014,1
1931,David Szotten,2014,1
316,Matt Lauber,2014,1
305,Kenial Lee,2014,1
1944,Renaud Parent,2014,1
1948,Andreas Stocker,2014,1
292,bahoo,2014,1
1965,Alexey Efimov,2014,1
1968,Julia Matsieva,2014,1
1972,Duane Hilton,2014,1
1980,Alejandro Gómez,2014,1
1988,Rajiv Makhijani,2014,1
1989,Michael Kelly,2014,1
1992,Motiejus Jakštys,2014,1
1994,Niels Kouwenhoven,2014,1
277,Tom,2014,1
2279,Alexander Schepanovski,2014,1
2005,Dmitro,2014,1
269,Matt Deacalion Stevens,2014,1
266,Oscar Ramirez,2014,1
263,Jürno Ader,2014,1
254,Uriel Corfa,2014,1
250,Bruno Ribeiro da Silva,2014,1
249,Oliver George,2014,1
36,Elena Williams,2014,1
248,Chris Jerdonek,2014,1
246,Kevin Wood,2014,1
245,Hans Lawrenz,2014,1
2283,Fabio Rueda,2014,1
2050,Josh Schneier,2014,1
2059,Mohammed Attia,2014,1
225,Sergey Parkhomenko,2014,1
220,Walter Doekes,2014,1
217,Peter Kowalczyk,2014,1
2289,Daan Vielen,2014,1
203,Tony Zhu,2014,1
2290,David Evans,2014,1
2085,Kristian Glass,2014,1
201,evildmp,2014,1
29,Eli Bendersky,2014,1
28,José Padilla,2014,1
191,Christopher Adams,2014,1
188,Andrew Pinkham,2014,1
2100,"Mosson, Andrew",2014,1
169,Antti Hirvonen,2014,1
2112,ejstronge,2014,1
162,mcgeeco,2014,1
158,Rémy Sanchez,2014,1
156,James Doherty,2014,1
21,Daniel Lindsley,2014,1
20,mbacho,2014,1
18,Luan Pablo,2014,1
149,Julian Wachholz,2014,1
2143,Ben Reilly,2014,1
146,Haris Ibrahim K. V,2014,1
2151,Moritz Sichert,2014,1
1056,James Brewer,2014,1
1060,Pavel Shpilev,2014,1
1049,Seth Hill,2014,1
1063,Peter Harley,2014,1
2155,Mitch Davis,2014,1
1046,Raphaël Barrois,2014,1
1085,Jozef Knaperek,2014,1
1032,Dave Hall,2014,1
1028,Michal Petrucha,2014,1
1097,navneet suman,2014,1
1106,Andreas Damgaard Pedersen,2014,1
1006,Baylee Feore,2014,1
1005,Jason Hobbs,2014,1
1003,José L. Patiño,2014,1
1125,ramast,2014,1
1000,Daniele Procida,2014,1
1128,Damien Nozay,2014,1
998,Adam Kaliński,2014,1
1136,Yuri Kriachko,2014,1
1137,Dean Silfen,2014,1
1141,chriscauley,2014,1
1142,Patryk Zawadzki,2014,1
1157,Theodoros Ikonomou,2014,1
1163,Lee Sanghyuck,2014,1
968,Bryan Helmig,2014,1
130,Mark Lavin,2014,1
961,Marc Sibson,2014,1
960,Nicolaas Heyning,2014,1
1178,Eric Rouleau,2014,1
1184,Egor Semiguzov,2014,1
1189,Nicholas Serra,2014,1
129,Octowl,2014,1
948,Bashar Al-Abdulhadi,2014,1
1193,José Moreira,2014,1
1198,Lovas Bence,2014,1
930,Esau Rodriguez,2014,1
242,Aymeric Augustin,2013,423
2057,Tim Graham,2013,388
319,Claude Paroz,2013,330
1110,Andrew Godwin,2013,154
1456,Anssi Kääriäinen,2013,138
213,Ramiro Morales,2013,117
1396,Baptiste Mispelon,2013,96
1937,Florian Apolloner,2013,93
668,Alex Gaynor,2013,84
975,Loic Bistuer,2013,82
1950,Simon Charette,2013,58
390,Carl Meyer,2013,31
504,Bouke Haarsma,2013,25
1437,Julien Phalip,2013,23
1030,Preston Timmons,2013,22
2065,Jacob Kaplan-Moss,2013,19
1143,Marc Tamlyn,2013,19
1280,Preston Holmes,2013,19
878,Alasdair Nicol,2013,17
2156,Shai Berger,2013,17
3,Unai Zalakain,2013,17
610,Łukasz Langa,2013,15
595,Erik Romijn,2013,14
939,Vajrasky Kok,2013,14
2284,Kevin Christopher Henry,2013,13
1472,Curtis Maloney,2013,13
920,Russell Keith-Magee,2013,13
1739,Michael Manfre,2013,11
1826,Donald Stufft,2013,10
1119,SusanTan,2013,10
1973,Adrian Holovaty,2013,9
1537,Juan Catalano,2013,8
223,Christopher Medrela,2013,8
216,Roberto Aguilar,2013,8
951,Ray Ashman Jr,2013,7
1893,Daniel Lindsley,2013,6
763,Gavin Wahl,2013,6
655,Tai Lee,2013,6
298,Jannis Leidel,2013,6
2275,Senko Rasic,2013,6
2236,Nick Sandford,2013,6
2040,Florian Hahn,2013,6
703,Honza Kral,2013,6
1474,Daniele Procida,2013,6
669,Andrew Jesaitis,2013,6
1465,Luke Plant,2013,6
355,Matt Robenolt,2013,6
48,Dominic Rodger,2013,5
1526,Stephan Jaekel,2013,5
1068,David Cramer,2013,5
1164,Tomek Paczkowski,2013,5
386,Krzysztof Jurewicz,2013,5
1162,e0ne,2013,5
695,Baptiste Darthenay,2013,4
964,Marti Raudsepp,2013,4
1512,Ian Wilson,2013,4
1919,Pablo Mouzo,2013,4
1500,Diederik van der Boor,2013,4
2033,evildmp,2013,4
1036,James Bennett,2013,4
1675,Silvan Spross,2013,4
1962,Matt Deacalion Stevens,2013,4
1386,Mike Fogel,2013,4
2019,Cody Scott,2013,4
1430,Ryan Allen,2013,4
1640,matiasb,2013,4
1569,ersran9,2013,4
238,Zbigniew Siciarz,2013,4
40,Jaap Roes,2013,4
1059,Markus Holtermann,2013,3
1294,Markus Amalthea Magnuson,2013,3
252,Chris Wilson,2013,3
2232,Tianyi Wang,2013,3
1307,Wiktor Kolodziej,2013,3
1176,Jacob Burch,2013,3
1361,Jason Myers,2013,3
1865,Alex Hill,2013,3
1879,Harm Geerts,2013,3
406,Wilfred Hughes,2013,3
625,Horst Gutmann,2013,3
350,Justin Michalicek,2013,3
165,Rainer Koirikivi,2013,3
2212,Marc Egli,2013,3
890,maurycyp,2013,3
2242,Garry Polley,2013,3
237,Collin Anderson,2013,2
666,Mathijs de Bruin,2013,2
444,DanSears,2013,2
2024,Christopher Adams,2013,2
2002,Alexey Boriskin,2013,2
1979,Chris Jerdonek,2013,2
1288,Thomas Thurman,2013,2
1403,Simon Meers,2013,2
833,Phaneendra Chiruvella,2013,2
880,Gilberto Gonçalves,2013,2
1574,Javed Khan,2013,2
1798,Marcin Biernat,2013,2
1800,coagulant,2013,2
2134,Jakub Gocławski,2013,2
676,Keryn Knight,2013,2
289,tschilling,2013,2
151,minusf,2013,2
949,Tomasz Rybak,2013,2
1701,Nick Bruun,2013,2
689,Ludwik Trammer,2013,2
1942,mlissner,2013,2
2252,Eric Boersma,2013,2
317,Ryan Kaskel,2013,2
143,Bojan Mihelac,2013,2
1062,Aleksandra Sendecka,2013,2
389,Daniel Boeve,2013,2
1486,Selwin Ong,2013,2
331,leandrafinger,2013,2
1306,Justin Bronn,2013,2
590,Vlastimil Zíma,2013,2
52,Javier Mansilla,2013,2
747,CHI Cheng,2013,2
368,Joeri Bekker,2013,2
764,Klaas van Schelven,2013,2
800,Pedro Mourelle,2013,2
1412,Jon Lønne,2013,2
106,Jorge C. Leitão,2013,2
1596,Dan Johnson,2013,2
774,Levi Gross,2013,2
545,Sylvain Bellemare,2013,2
2090,Antonis Christofides,2013,2
1045,glts,2013,2
1625,konarkmodi,2013,2
1050,Karol Sikora,2013,2
446,Rocky Meza,2013,2
1087,Jorge Bastida,2013,2
2053,Max Burstein,2013,2
98,Konrad Hałas,2013,2
1339,Anton Baklanov,2013,2
1768,Dan Loewenherz,2013,2
1580,Matthew Rich,2013,2
2045,Keith Edmiston,2013,2
1808,Andrey Antukh,2013,1
1643,Igor Támara,2013,1
907,Carny Cheng,2013,1
73,Rémy HUBSCHER,2013,1
1651,Eric Holscher,2013,1
1377,Karen Tracey,2013,1
538,Kathryn Killebrew,2013,1
1658,Haiko Schol,2013,1
1662,Camilo Nova,2013,1
816,Nimesh Ghelani,2013,1
533,Bozidar Benko,2013,1
1668,Milton Mazzarri,2013,1
1669,Jay Leadbetter,2013,1
819,Lukasz Balcerzak,2013,1
530,Pablo Recio,2013,1
1364,Tom V,2013,1
523,Andrew Gorcester,2013,1
522,Denis Cornehl,2013,1
1681,Przemek Lewandowski,2013,1
1682,Étienne Loks,2013,1
1043,Jeremy Dunck,2013,1
1687,Giles Richard Greenway,2013,1
520,M Nasimul Haque,2013,1
514,Max Vizard,2013,1
513,Maik Hoepfel,2013,1
1245,Matt Austin,2013,1
1353,russkel,2013,1
1709,homm,2013,1
1711,zhongqi,2013,1
500,Richard Xia,2013,1
1719,Peter Harley,2013,1
1721,Bas Peschier,2013,1
60,Paul McMillan,2013,1
486,Andrew Brown,2013,1
2304,Olivier Sels,2013,1
1734,crccheck,2013,1
1083,Axel Haustant,2013,1
475,David Evans,2013,1
1345,Jonas Gastal,2013,1
1343,David Binetti,2013,1
1749,zyegfryed,2013,1
59,Tyler Garner,2013,1
465,Tomasz Jaskowski,2013,1
1755,Benjamin Kagia,2013,1
464,JonLoy,2013,1
56,Eric Urban,2013,1
2241,Tim Heap,2013,1
459,Paolo Melchiorre,2013,1
1033,Садовский Николай,2013,1
136,Mel Collins,2013,1
832,Peter Inglesby,2013,1
1091,Mathias Andre,2013,1
420,Daley Chetwynd,2013,1
1788,Andrew Badr,2013,1
416,Alex Hunley,2013,1
415,Jan Böcker,2013,1
409,pegler,2013,1
407,Berker Peksag,2013,1
837,Ole Laursen,2013,1
1327,Jani Tiainen,2013,1
1094,Daniel Izquierdo,2013,1
1806,Tom Christie,2013,1
839,Mitar,2013,1
1813,Anubhav Joshi,2013,1
399,Larry O'Neill,2013,1
2159,Justin Turner Arthur,2013,1
1816,Petr Dlouhý,2013,1
1026,John Hensley,2013,1
843,yishaibeeri,2013,1
2250,Michael van Tellingen,2013,1
2251,Thomas Sorrel,2013,1
113,Ana Krivokapic,2013,1
118,Tarjei Husøy,2013,1
1833,Jeremy,2013,1
378,Johan Charpentier,2013,1
1839,Christopher Allen-Poole,2013,1
1841,Juergen Schackmann,2013,1
1214,vkuzma,2013,1
1012,Stefan hr Berder,2013,1
1011,Gregor MacGregor,2013,1
1846,Ben Firshman,2013,1
1320,Michał Górny,2013,1
849,Riccardo Magliocchetti,2013,1
370,Evan Carmi,2013,1
2257,Kenny Rachuonyo,2013,1
1859,Paul Collins,2013,1
1860,René Fleschenberg,2013,1
1007,Tom Scholl,2013,1
1868,Michał Lech,2013,1
1116,Ken Bolton,2013,1
1870,Brenton Cleeland,2013,1
366,Christopher Babiak,2013,1
926,Julia Antokhine,2013,1
1194,Warren Smith,2013,1
360,Lennart Regebro,2013,1
1889,Axel Hecht,2013,1
1897,Rodolfo,2013,1
347,Anentropic,2013,1
2265,Si Feng,2013,1
1224,Christian Schmitt,2013,1
1002,Curtis,2013,1
342,Lucian Ursu,2013,1
2266,Renato Oliveira,2013,1
1908,Christos Kontas,2013,1
2267,Chris Beaven,2013,1
336,xuxiang,2013,1
2268,Emil Stenström,2013,1
876,Goetz,2013,1
1926,Joel Bohman,2013,1
2179,Sjoerd Langkemper,2013,1
1216,Sergey Kolosov,2013,1
1938,Andreas,2013,1
1939,Phil Elson,2013,1
1129,Artur Barseghyan,2013,1
1943,Adam Haney,2013,1
999,Roger Hu,2013,1
300,Trey Hunner,2013,1
1949,Alex Couper,2013,1
1951,Alexey Voronov,2013,1
296,Jonathan Loy,2013,1
1956,dpwrussell,2013,1
1957,Pablo Martín,2013,1
1958,joaoxsouls,2013,1
1290,Juan Pedro Fisanotti,2013,1
1133,ijl,2013,1
1976,Remco Wendt,2013,1
1200,Brendon Crawford,2013,1
2276,yokomizor,2013,1
37,Richard Cornish,2013,1
2317,bbjay,2013,1
1991,Leandro Regueiro,2013,1
2162,Tome Cvitan,2013,1
279,Jonathan Slenders,2013,1
1202,Brian Rosner,2013,1
2000,Mark Huang,2013,1
1203,Ben Konrath,2013,1
271,Vinod Kurup,2013,1
2007,Deni Bertovic,2013,1
981,Tomáš Ehrlich,2013,1
2014,Chris Adams,2013,1
1146,Simeon Visser,2013,1
1271,Jose L. Patino,2013,1
116,Richard Mitchell,2013,1
2023,Hernan Lozano,2013,1
1148,Matthew Wood,2013,1
2031,"Joshua ""jag"" Ginsberg",2013,1
2281,Tom Fifield,2013,1
2039,Christian Metts,2013,1
243,Alex Cucu,2013,1
1154,jktravis,2013,1
2044,Tim Garner,2013,1
239,Louis Fill,2013,1
236,Loic Raucy,2013,1
2058,Thomas Orozco,2013,1
234,Yaroslav Halchenko,2013,1
2062,oz123,2013,1
1158,Panagiotis H.M. Issaris,2013,1
1235,James Aylett,2013,1
1160,Dima Kurguzov,2013,1
214,Michael DiBernardo,2013,1
206,Daniel Langer,2013,1
2163,Aaron Cannon,2013,1
202,Danilo Bargen,2013,1
128,Pablo Sanfilippo,2013,1
2096,Andrea Crotti,2013,1
190,Matthew Somerville,2013,1
1420,hekevintran,2013,1
179,Matt Johnson,2013,1
1423,Simon Kerr,2013,1
778,Rudy Mutter,2013,1
177,MinRK,2013,1
898,Josh Mize,2013,1
1457,Bruno Renié,2013,1
107,George Song,2013,1
1462,Tobias Carlander,2013,1
2117,Filipa Andrade,2013,1
2118,Albert Wang,2013,1
2122,Bernardo Pires,2013,1
712,Tomer Chachamu,2013,1
1483,Deric Crago,2013,1
103,Paul C. Anagnostopoulos,2013,1
701,Alisson,2013,1
153,Jimmy Song,2013,1
2128,Dražen Lučanin,2013,1
694,Helen ST,2013,1
2208,Sorcha Bowler,2013,1
2131,Frank Wiles,2013,1
787,Grzegorz Nosek,2013,1
2167,Romain B.,2013,1
672,Jaime Irurzun,2013,1
1518,Chris Streeter,2013,1
670,Kaspars Sprogis,2013,1
1522,Susan Tan,2013,1
1523,mark hellewell,2013,1
791,Rafal Stozek,2013,1
663,Brett Koonce,2013,1
660,Anders Kaseorg,2013,1
1219,fako,2013,1
2141,Tobias McNulty,2013,1
91,johannes-gehrs,2013,1
124,ferhat elmas,2013,1
952,Jim Bailey,2013,1
652,Andrew Clark,2013,1
2301,Will Hardy,2013,1
648,Denis Moskalets,2013,1
142,Ben Huckvale,2013,1
141,Raphael Jasjukaitis,2013,1
639,Andrei Picus,2013,1
638,Adam Wentz,2013,1
1563,Oliver Beattie,2013,1
2149,Rogério Yokomizo,2013,1
904,Sascha Peilicke,2013,1
622,Vladimir A Filonov,2013,1
1052,Julian Bez,2013,1
1588,Josh Smeaton,2013,1
1589,Antoine Catton,2013,1
1590,"Stefan ""hr"" Berder",2013,1
1389,Christoph Sieghart,2013,1
1388,Yohan Boniface,2013,1
1599,Evrim Çabuk,2013,1
79,Joe Friedl,2013,1
586,Ondrej Sika,2013,1
1612,Bartolomé Sánchez,2013,1
1613,Thomas Schreiber,2013,1
1381,postrational,2013,1
580,Åke Forslund,2013,1
138,Hiroki Kiyohara,2013,1
576,Boryslav Larin,2013,1
1627,Ryan West,2013,1
2221,Daniel Sokolowski,2013,1
1066,Alexander,2013,1
1630,micahhausler,2013,1
1631,Matthew Tretter,2013,1
1380,Paul Tax,2013,1
562,Sergio Oliveira,2013,1
673,Claude Paroz,2012,461
1020,Aymeric Augustin,2012,419
1258,Tim Graham,2012,147
1079,Jannis Leidel,2012,133
1827,Anssi Kääriäinen,2012,130
1147,Ramiro Morales,2012,88
450,Alex Gaynor,2012,78
2243,Julien Phalip,2012,73
180,Andrew Godwin,2012,42
1718,Florian Apolloner,2012,40
1746,Adrian Holovaty,2012,40
2088,Preston Holmes,2012,39
600,Carl Meyer,2012,36
1838,Luke Plant,2012,34
122,Russell Keith-Magee,2012,25
995,Paul McMillan,2012,22
2110,Justin Bronn,2012,19
253,James Bennett,2012,18
2132,Timo Graham,2012,13
2302,Karen Tracey,2012,13
1684,Ian Clelland,2012,12
1334,Chris Beaven,2012,11
209,Marc Tamlyn,2012,9
2210,Simon Meers,2012,8
626,Daniel Greenfeld,2012,7
1945,Travis Swicegood,2012,6
1272,Jacob Kaplan-Moss,2012,6
1546,Dan Loewenherz,2012,4
1609,Tom Christie,2012,4
341,Honza Kral,2012,4
468,Mitar,2012,4
68,David Fischer,2012,4
892,Aviral Dasgupta,2012,3
5,Daniel Hepper,2012,3
1151,Mike Grouchy,2012,3
2161,Malcolm Tredinnick,2012,3
821,Not Carl,2012,3
508,Piet Delport,2012,3
480,Andrei Antoukh,2012,3
1659,Alexey Boriskin,2012,3
344,Jan Bednařík,2012,3
1134,Danilo Bargen,2012,3
1851,Daniele Procida,2012,3
482,Nick Martini,2012,2
884,Jeroen Dekkers,2012,2
1067,Matt Stevens,2012,2
1090,Lee Reilly,2012,2
1732,Simon Charette,2012,2
2193,Yohan Boniface,2012,2
2035,Anton I. Sipos,2012,2
1963,Michael Manfre,2012,2
1641,Gabriel Hurley,2012,2
885,Anton Danilchenko,2012,2
1013,Dmitry Medvinsky,2012,2
1986,Brian Galey,2012,2
1508,Stephen Burrows,2012,2
257,Jeremy Dunck,2012,2
1633,Mike Johnson,2012,2
1165,Collin Anderson,2012,2
503,Tom Insam,2012,2
1796,nklas,2012,2
566,Shabda Raaj,2012,2
108,Gabe Jackson,2012,2
1895,Audrey Roy,2012,2
472,Bryan Veloso,2012,2
1829,Bruno Renié,2012,2
1286,Flavio Curella,2012,2
429,Tai Lee,2012,2
288,Craig Blaszczyk,2012,1
803,Vebjorn Ljosa,2012,1
786,Tom Mortimer-Jones,2012,1
2011,Camilo Nova,2012,1
1601,Andy Dirnberger,2012,1
1544,Vladimír Macek,2012,1
2017,Patryk Zawadzki,2012,1
1337,Emil Stenström,2012,1
441,Brett Koonce,2012,1
2027,Rafik Draoui,2012,1
1152,mpaolini,2012,1
1778,Brian Holdefehr,2012,1
1153,Michael Kelly,2012,1
1336,orblivion,2012,1
4,Sean Breant,2012,1
1267,Kirill Zaitsev,2012,1
1394,Stratos Moros,2012,1
589,Markus Zapke-Gründemann,2012,1
1671,Tim Saylor,2012,1
1279,Daniel D. Beck,2012,1
1680,Andrews Medina,2012,1
2049,Benjamin Peterson,2012,1
1236,Beshr Kayali,2012,1
431,Chris Lawlor,2012,1
462,Juan Riaza,2012,1
1086,Roman Haritonov,2012,1
647,juanpex,2012,1
1156,WoLpH,2012,1
2061,Jeremy Cowgar,2012,1
2315,Kevin McCarthy,2012,1
274,Julian Bez,2012,1
1225,Stefan Kjartansson,2012,1
14,Caleb Smith,2012,1
275,Eric Davis,2012,1
1069,Angeline Tan,2012,1
30,Val Neekman,2012,1
1561,Serge G. Spaolonzi,2012,1
1397,Eduardo Cereto Carvalho,2012,1
1140,Jonatan Heyman,2012,1
1260,Scott Klein,2012,1
1391,John Paulett,2012,1
1993,Michael Farrell,2012,1
1742,vanschelven,2012,1
473,Glen Robertson,2012,1
585,Dmitry Shevchenko,2012,1
812,Sebastián Magrí,2012,1
1181,Jann Kleen,2012,1
1571,Jens Page,2012,1
2152,jakul,2012,1
776,Martey Dodoo,2012,1
1427,Raúl Cumplido,2012,1
1346,Nicolas Ippolito,2012,1
1419,jnns,2012,1
1349,danger,2012,1
1978,Michal Petrucha,2012,1
2188,Ludovic Delaveau,2012,1
1351,Rigel Di Scala,2012,1
2202,Mateusz Haligowski,2012,1
902,George Song,2012,1
287,David Cramer,2012,1
754,Pablo Recio,2012,1
497,kspi,2012,1
2203,Baptiste Mispelon,2012,1
110,Ulrich Petri,2012,1
1206,Ben Spaulding,2012,1
499,Kyle Fuller,2012,1
1249,Enrico Ehrhardt,2012,1
1971,Dave Hall,2012,1
1794,Josh Smeaton,2012,1
2116,Gabriel Grant,2012,1
614,Daniel Roseman,2012,1
369,Marc Aymerich,2012,1
1113,Renato Pedigoni,2012,1
547,Michael Newman,2012,1
1854,Brent O'Connor,2012,1
1098,Ryan Kaskel,2012,1
117,maurizio,2012,1
1586,Andrew Badr,2012,1
1075,Guilherme Gondim,2012,1
940,Andreas Hug,2012,1
304,Boo,2012,1
2261,mitnk,2012,1
13,Brendan MacDonell,2012,1
900,Chris Khoo,2012,1
41,Tomáš Ehrlich,2012,1
363,Adrien Lemaire,2012,1
1318,Riley Strong,2012,1
1886,Hannes Struss,2012,1
67,Don Spaulding,2012,1
950,Bojan Mihelac,2012,1
1109,Thomas Bartelmess,2012,1
1894,Chris Streeter,2012,1
1896,Brad Pitcher,2012,1
1355,Brandon Adams,2012,1
1820,Chris McDonald,2012,1
681,Tom Terrace,2012,1
1822,Matthew Tretter,2012,1
1934,Martin Brochhaus,2012,1
371,shepdl,2012,1
1698,Mike Yumatov,2012,1
946,martin.bohacek,2012,1
872,Kent Hauser,2012,1
1697,Ben Longden,2012,1
1239,Edward Tjörnhammar,2012,1
1923,Michael Johnson,2012,1
330,Nuno Maltez,2012,1
2272,Anton Baklanov,2012,1
601,Marc Neuwirth,2012,1
1470,Kirill Fomichev,2012,1
1471,Michael Blume,2012,1
2177,Jason Davies,2012,1
1081,George Hickman,2012,1
1408,Alex Ogier,2012,1
717,Martijn Vermaat,2012,1
1638,Issac Kelly,2012,1
1481,Tyler Ball,2012,1
1054,anatoly techtonik,2012,1
25,Eric Florenzano,2012,1
823,Carlos Palol,2012,1
1712,Samuel Sutch,2012,1
155,Jason Yan,2012,1
211,Jannis Leidel,2011,403
989,Russell Keith-Magee,2011,211
297,Ramiro Morales,2011,173
1558,Luke Plant,2011,155
161,Aymeric Augustin,2011,102
2043,Adrian Holovaty,2011,98
738,Alex Gaynor,2011,92
1374,Julien Phalip,2011,89
324,Carl Meyer,2011,74
1261,Timo Graham,2011,70
1910,Gabriel Hurley,2011,53
2205,Chris Beaven,2011,42
1222,Justin Bronn,2011,35
1282,Malcolm Tredinnick,2011,32
132,Paul McMillan,2011,29
1434,Karen Tracey,2011,27
1340,Simon Meers,2011,20
1041,Andrew Godwin,2011,17
1111,James Bennett,2011,15
2142,Jacob Kaplan-Moss,2011,14
2138,Ian Kelly,2011,11
1564,Idan Gazit,2011,6
1902,Honza Král,2011,4
1281,Brian Rosner,2011,1
974,Graham Dumpleton,2011,1
268,Russell Keith-Magee,2010,619
909,Jannis Leidel,2010,296
532,Alex Gaynor,2010,140
2054,Luke Plant,2010,130
2129,Karen Tracey,2010,92
2220,Justin Bronn,2010,85
1536,Adrian Holovaty,2010,72
1513,Gabriel Hurley,2010,68
2309,Timo Graham,2010,60
148,James Bennett,2010,56
1117,Joseph Kocherhans,2010,53
984,Ramiro Morales,2010,53
1445,Jacob Kaplan-Moss,2010,42
1246,Chris Beaven,2010,29
2296,Malcolm Tredinnick,2010,26
1706,Honza Král,2010,20
806,Carl Meyer,2010,17
1449,Ian Kelly,2010,17
2095,Simon Meers,2010,11
114,Gary Wilson Jr,2010,10
612,Jarek Zgoda,2010,9
2295,Brian Rosner,2010,9
86,Andrew Godwin,2010,5
1275,Nicola Larosa,2010,4
2230,Marc Fargas,2010,2
2160,Aljosa Mohorovic,2010,1
1362,Russell Keith-Magee,2009,322
178,Jacob Kaplan-Moss,2009,194
1058,Malcolm Tredinnick,2009,160
1145,Justin Bronn,2009,96
758,Luke Plant,2009,84
937,Karen Tracey,2009,82
1220,Gary Wilson Jr,2009,52
1186,James Bennett,2009,27
170,Ian Kelly,2009,26
1057,Brian Rosner,2009,23
2174,Jannis Leidel,2009,20
1875,Jarek Zgoda,2009,17
365,Adrian Holovaty,2009,15
1676,Matt Boersma,2009,11
1121,Marc Fargas,2009,9
2224,Joseph Kocherhans,2009,8
54,Nicola Larosa,2009,8
2186,Simon Willison,2009,5
928,Aljosa Mohorovic,2009,3
2105,Ramiro Morales,2009,2
915,Wilson Miner,2009,1
1201,James Tauber,2009,1
1804,Ludvig Ericson,2009,1
199,Malcolm Tredinnick,2008,666
1038,Jacob Kaplan-Moss,2008,243
2228,Russell Keith-Magee,2008,230
654,Adrian Holovaty,2008,154
2099,Gary Wilson Jr,2008,135
200,Brian Rosner,2008,116
2064,James Bennett,2008,103
267,Marc Fargas,2008,62
75,Karen Tracey,2008,56
461,Luke Plant,2008,39
290,Justin Bronn,2008,35
1034,Ian Kelly,2008,25
924,Nicola Larosa,2008,24
1598,Jarek Zgoda,2008,18
1312,Simon Willison,2008,17
1295,Jannis Leidel,2008,17
1505,Ludvig Ericson,2008,13
1952,Matt Boersma,2008,12
43,Wilson Miner,2008,9
1231,Ramiro Morales,2008,7
61,Aljosa Mohorovic,2008,5
537,Marc Garcia,2008,5
1356,Joseph Kocherhans,2008,1
1468,Malcolm Tredinnick,2007,810
2223,Adrian Holovaty,2007,516
661,Russell Keith-Magee,2007,199
1782,Jacob Kaplan-Moss,2007,149
807,Gary Wilson Jr,2007,138
780,James Bennett,2007,24
1784,Ian Kelly,2007,14
944,Matt Boersma,2007,11
1209,Luke Plant,2007,6
364,Joseph Kocherhans,2007,5
563,Simon Willison,2007,3
1650,Wilson Miner,2007,2
2245,Adrian Holovaty,2006,854
1480,Malcolm Tredinnick,2006,175
767,Georg Bauer,2006,90
632,Russell Keith-Magee,2006,86
1769,Jacob Kaplan-Moss,2006,83
1182,Luke Plant,2006,20
1660,Wilson Miner,2006,12
1848,Adrian Holovaty,2005,1015
2291,Jacob Kaplan-Moss,2005,130
1010,Georg Bauer,2005,112
1315,Wilson Miner,2005,20
